{
    "test_mse": 0.6714235544204712,
    "test_mae": 0.5104972124099731,
    "test_rmse": 0.8194043636322021
}