{
    "test_mse": 0.3573014736175537,
    "test_mae": 0.39601048827171326,
    "test_rmse": 0.5977469682693481
}