{
    "test_mse": 0.4119380712509155,
    "test_mae": 0.4211699664592743,
    "test_rmse": 0.6418240070343018
}