{
    "test_mse": 0.3727709949016571,
    "test_mae": 0.40137216448783875,
    "test_rmse": 0.6105497479438782
}